X,Y,id,left_fm,right_fm,min_offset,strat_offset
504673.789730085,7495108.27010411,Fault_7344,Weeli_Wolli_Formation,Brockman_Iron_Formation,0.0,001
504232.66855142,7495957.271079475,Fault_7344,Weeli_Wolli_Formation,Brockman_Iron_Formation,0.0,001
503781.25449963997,7496640.770641855,Fault_7344,Weeli_Wolli_Formation,Brockman_Iron_Formation,0.0,001
503110.50022833,7497341.270247765,Fault_7344,Woongarra_Rhyolite,Weeli_Wolli_Formation,0.0,001
502291.25728932,7498223.764067295,Fault_7344,Woongarra_Rhyolite,Woongarra_Rhyolite,0.0,000
501713.14152267,7499013.007930076,Fault_7344,Woongarra_Rhyolite,Woongarra_Rhyolite,0.0,000
501388.11450433,7499553.01005099,Fault_7344,Boolgeeda_Iron_Formation,Woongarra_Rhyolite,0.0,001
501227.70499378,7499922.2606159095,Fault_7344,Boolgeeda_Iron_Formation,Woongarra_Rhyolite,0.0,001
501162.05011793,7500158.010355391,Fault_7344,Turee_Creek_Group,Woongarra_Rhyolite,237.0,002
501029.71000447497,7500581.016923886,Fault_7344,Turee_Creek_Group,Boolgeeda_Iron_Formation,0.0,001
500891.82363214996,7501005.016911785,Fault_7344,Turee_Creek_Group,Turee_Creek_Group,0.0,000
500631.959988425,7501686.013850095,Fault_7344,Turee_Creek_Group,Turee_Creek_Group,0.0,000
517933.30386401387,7494738.0316059645,Fault_2235,Bunjinah_Formation,Jeerinah_Formation,250.0,002
517599.199714205,7495076.66957259,Fault_2235,Bunjinah_Formation,Jeerinah_Formation,250.0,002
517209.974249025,7495466.913735606,Fault_2235,Bunjinah_Formation,Jeerinah_Formation,250.0,002
516941.0038383,7495745.159659595,Fault_2235,Bunjinah_Formation,Jeerinah_Formation,250.0,002
516650.01538898004,7496074.660104889,Fault_2235,Jeerinah_Formation,Jeerinah_Formation,0.0,000
516099.57070408005,7496663.159015965,Fault_2235,Jeerinah_Formation,Jeerinah_Formation,0.0,000
515663.51369312,7497142.410161485,Fault_2235,Jeerinah_Formation,Marra_Mamba_Iron_Formation,0.0,001
515480.05426512996,7497347.161154389,Fault_2235,Jeerinah_Formation,Wittenoom_Formation,103.0,002
515239.280689865,7497602.661225995,Fault_2235,Marra_Mamba_Iron_Formation,Wittenoom_Formation,0.0,001
515062.097210435,7497784.904143995,Fault_2235,Wittenoom_Formation,Wittenoom_Formation,0.0,000
514921.731847655,7497906.65342246,Fault_2235,Wittenoom_Formation,Wittenoom_Formation,0.0,000
514685.9296089,7498101.40397815,Fault_2235,Wittenoom_Formation,Mount_McRae_Shale_and_Mount_Sylvia_Formation,0.0,001
514516.958912195,7498240.89381318,Fault_2235,Wittenoom_Formation,Brockman_Iron_Formation,86.0,002
514442.37870867504,7498302.395313465,Fault_2235,Mount_McRae_Shale_and_Mount_Sylvia_Formation,Brockman_Iron_Formation,0.0,001
514321.10865237,7498384.15155747,Fault_2235,Mount_McRae_Shale_and_Mount_Sylvia_Formation,Brockman_Iron_Formation,0.0,001
514197.47154043,7498461.4010266,Fault_2235,Brockman_Iron_Formation,Brockman_Iron_Formation,0.0,000
513595.614238195,7499006.392337535,Fault_2235,Brockman_Iron_Formation,Brockman_Iron_Formation,0.0,000
522755.678522445,7511694.5469740145,Fault_2248,Marra_Mamba_Iron_Formation,Marra_Mamba_Iron_Formation,0.0,000
522563.58621107996,7511950.09689345,Fault_2248,Marra_Mamba_Iron_Formation,Marra_Mamba_Iron_Formation,0.0,000
522231.820505795,7512347.5206015445,Fault_2248,Jeerinah_Formation,Jeerinah_Formation,0.0,000
521605.27994312,7512984.255485484,Fault_2248,Jeerinah_Formation,Fortescue_Group,0.0,001
520874.455352745,7513761.479655945,Fault_2248,Fortescue_Group,Jeerinah_Formation,0.0,001
520235.571710845,7514484.2140193805,Fault_2248,Jeerinah_Formation,Fortescue_Group,0.0,001
519783.26227445505,7514983.200437546,Fault_2248,Jeerinah_Formation,Jeerinah_Formation,0.0,000
519558.949835965,7515286.691042195,Fault_2248,Jeerinah_Formation,Jeerinah_Formation,0.0,000
519449.245270485,7515450.10217027,Fault_2248,Jeerinah_Formation,Jeerinah_Formation,0.0,000
519229.788291335,7515704.10091558,Fault_2248,Bunjinah_Formation,Jeerinah_Formation,250.0,002
518795.04088111944,7516207.230520781,Fault_2248,Bunjinah_Formation,Bunjinah_Formation,0.0,000
510039.46204306,7497168.381848009,Fault_2688,Brockman_Iron_Formation,Brockman_Iron_Formation,0.0,000
508752.738784845,7497645.08447662,Fault_2688,Brockman_Iron_Formation,Brockman_Iron_Formation,0.0,000
507610.157503525,7498087.32837749,Fault_2688,Brockman_Iron_Formation,Brockman_Iron_Formation,0.0,000
507004.14955342,7498364.32053674,Fault_2688,Weeli_Wolli_Formation,Brockman_Iron_Formation,0.0,001
506490.783616225,7498726.566920999,Fault_2688,Weeli_Wolli_Formation,Weeli_Wolli_Formation,0.0,000
505952.53415988,7499206.81049392,Fault_2688,Woongarra_Rhyolite,Weeli_Wolli_Formation,0.0,001
505307.221749525,7499881.310798435,Fault_2688,Woongarra_Rhyolite,Woongarra_Rhyolite,0.0,000
504334.64818683,7500920.716638495,Fault_2688,Woongarra_Rhyolite,Woongarra_Rhyolite,0.0,000
500118.435747165,7499967.24447189,Fault_2689,Turee_Creek_Group,Boolgeeda_Iron_Formation,0.0,001
500271.31093595,7499787.749587025,Fault_2689,Turee_Creek_Group,Boolgeeda_Iron_Formation,0.0,001
500428.682290965,7499564.250977719,Fault_2689,Boolgeeda_Iron_Formation,Boolgeeda_Iron_Formation,0.0,000
500617.085886445,7499307.997641714,Fault_2689,Boolgeeda_Iron_Formation,Boolgeeda_Iron_Formation,0.0,000
500786.763953235,7499091.99547198,Fault_2689,Boolgeeda_Iron_Formation,Woongarra_Rhyolite,0.0,001
500973.58851365,7498854.244292321,Fault_2689,Woongarra_Rhyolite,Woongarra_Rhyolite,0.0,000
501379.022424275,7498375.24385611,Fault_2689,Woongarra_Rhyolite,Woongarra_Rhyolite,0.0,000
501896.70597045496,7497714.751872744,Fault_2689,Woongarra_Rhyolite,Woongarra_Rhyolite,0.0,000
502298.87610761996,7497177.254274225,Fault_2689,Woongarra_Rhyolite,Woongarra_Rhyolite,0.0,000
502518.99912200996,7496904.00604894,Fault_2689,Woongarra_Rhyolite,Woongarra_Rhyolite,0.0,000
502717.86567244504,7496600.5044216495,Fault_2689,Woongarra_Rhyolite,Weeli_Wolli_Formation,0.0,001
503180.15288074,7495953.506473865,Fault_2689,Weeli_Wolli_Formation,Weeli_Wolli_Formation,0.0,000
506321.06570977,7508474.81629269,Fault_2843,Brockman_Iron_Formation,Brockman_Iron_Formation,0.0,000
507128.61241356505,7507786.331539645,Fault_2843,Brockman_Iron_Formation,Brockman_Iron_Formation,0.0,000
507888.235732535,7507050.33975004,Fault_2843,Weeli_Wolli_Formation,Weeli_Wolli_Formation,0.0,000
508416.29039932496,7506430.0959329605,Fault_2843,Woongarra_Rhyolite,Weeli_Wolli_Formation,0.0,001
508773.119977405,7505929.34896092,Fault_2843,Woongarra_Rhyolite,Woongarra_Rhyolite,0.0,000
509064.81894454,7505527.775887961,Fault_2843,Boolgeeda_Iron_Formation,Woongarra_Rhyolite,0.0,001
509183.570862025,7505366.031832775,Fault_2843,Boolgeeda_Iron_Formation,Woongarra_Rhyolite,0.0,001
509293.63078217,7505232.35459175,Fault_2843,Boolgeeda_Iron_Formation,Boolgeeda_Iron_Formation,0.0,000
509512.339871195,7504971.105055289,Fault_2843,Turee_Creek_Group,Boolgeeda_Iron_Formation,0.0,001
509711.051544375,7504732.862476335,Fault_2843,Turee_Creek_Group,Turee_Creek_Group,0.0,000
509926.98000294,7504493.369680615,Fault_2843,Turee_Creek_Group,Turee_Creek_Group,0.0,000
510313.3508573,7504169.873912185,Fault_2843,Turee_Creek_Group,Turee_Creek_Group,0.0,000
510865.50426912,7503816.42811569,Fault_2843,Turee_Creek_Group,Turee_Creek_Group,0.0,000
511236.50911680504,7503601.181383984,Fault_2843,Turee_Creek_Group,Turee_Creek_Group,0.0,000
511660.92932025,7503373.382752474,Fault_2843,Turee_Creek_Group,Turee_Creek_Group,0.0,000
512199.01345528,7502987.132069575,Fault_2843,Turee_Creek_Group,Turee_Creek_Group,0.0,000
512430.68567093497,7502735.22631035,Fault_2843,Turee_Creek_Group,Boolgeeda_Iron_Formation,0.0,001
512643.259554655,7502509.733372524,Fault_2843,Turee_Creek_Group,Boolgeeda_Iron_Formation,0.0,001
512910.939149195,7502147.395613819,Fault_2843,Turee_Creek_Group,Woongarra_Rhyolite,237.0,002
513062.284353845,7501876.150579315,Fault_2843,Boolgeeda_Iron_Formation,Woongarra_Rhyolite,0.0,001
513242.220690305,7501582.895796355,Fault_2843,Boolgeeda_Iron_Formation,Woongarra_Rhyolite,0.0,001
513564.461447455,7501141.895338605,Fault_2843,Woongarra_Rhyolite,Weeli_Wolli_Formation,0.0,001
513840.165471335,7500836.1493877005,Fault_2843,Woongarra_Rhyolite,Brockman_Iron_Formation,184.0,002
514177.79868633,7500538.40306115,Fault_2843,Weeli_Wolli_Formation,Brockman_Iron_Formation,0.0,001
514459.10754420504,7500290.409550995,Fault_2843,Brockman_Iron_Formation,Brockman_Iron_Formation,0.0,000
514935.44612954,7499918.6621694695,Fault_2843,Brockman_Iron_Formation,Brockman_Iron_Formation,0.0,000
515635.35743807,7499329.41100066,Fault_2843,Brockman_Iron_Formation,Brockman_Iron_Formation,0.0,000
515914.80982713006,7499063.163399825,Fault_2843,Brockman_Iron_Formation,Brockman_Iron_Formation,0.0,000
516011.10584966,7498981.169740111,Fault_2843,Brockman_Iron_Formation,Mount_McRae_Shale_and_Mount_Sylvia_Formation,0.0,001
516108.37667610997,7498898.41688426,Fault_2843,Brockman_Iron_Formation,Wittenoom_Formation,86.0,002
516266.10138792,7498784.41665014,Fault_2843,Brockman_Iron_Formation,Wittenoom_Formation,86.0,002
516423.24577776,7498667.175941635,Fault_2843,Mount_McRae_Shale_and_Mount_Sylvia_Formation,Wittenoom_Formation,0.0,001
516666.29641536996,7498421.430500355,Fault_2843,Mount_McRae_Shale_and_Mount_Sylvia_Formation,Marra_Mamba_Iron_Formation,250.0,002
516941.507161145,7498149.429494215,Fault_2843,Mount_McRae_Shale_and_Mount_Sylvia_Formation,Jeerinah_Formation,353.0,003
517225.299746615,7497891.6638675,Fault_2843,Wittenoom_Formation,Jeerinah_Formation,103.0,002
517463.633339665,7497674.66008588,Fault_2843,Wittenoom_Formation,Jeerinah_Formation,103.0,002
517660.82951343,7497439.671058635,Fault_2843,Marra_Mamba_Iron_Formation,Jeerinah_Formation,0.0,001
517920.329764225,7497070.17480935,Fault_2843,Bunjinah_Formation,Jeerinah_Formation,250.0,002
518188.35569358,7496600.924623854,Fault_2843,Bunjinah_Formation,Jeerinah_Formation,250.0,002
518576.61080676,7496000.67430094,Fault_2843,Bunjinah_Formation,Jeerinah_Formation,250.0,002
518901.447099525,7495438.680569065,Fault_2843,Bunjinah_Formation,Bunjinah_Formation,0.0,000
519138.25055645435,7494890.538272179,Fault_2843,Bunjinah_Formation,Bunjinah_Formation,0.0,000
540206.4074135493,7494721.889065199,Fault_2997,Bunjinah_Formation,Bunjinah_Formation,0.0,000
539779.89864136,7495451.961240145,Fault_2997,Bunjinah_Formation,Bunjinah_Formation,0.0,000
539407.8379826399,7496112.705608156,Fault_2997,Bunjinah_Formation,Bunjinah_Formation,0.0,000
539211.7574761501,7496397.628814304,Fault_2997,Bunjinah_Formation,Bunjinah_Formation,0.0,000
538813.514467475,7496896.373189835,Fault_2997,Bunjinah_Formation,Bunjinah_Formation,0.0,000
538354.53957084,7497328.611898875,Fault_2997,Bunjinah_Formation,Bunjinah_Formation,0.0,000
537822.0637047449,7497691.11267434,Fault_2997,Bunjinah_Formation,Bunjinah_Formation,0.0,000
537257.50189363,7497993.36466391,Fault_2997,Bunjinah_Formation,Bunjinah_Formation,0.0,000
536698.9520962101,7498219.110092141,Fault_2997,Bunjinah_Formation,Bunjinah_Formation,0.0,000
536152.844590635,7498387.3544313405,Fault_2997,Bunjinah_Formation,Bunjinah_Formation,0.0,000
535682.89221859,7498520.3594418,Fault_2997,Bunjinah_Formation,Bunjinah_Formation,0.0,000
534977.79313851,7498689.857568935,Fault_2997,Bunjinah_Formation,Bunjinah_Formation,0.0,000
526100.19317704,7494858.823824154,Fault_3496,Bunjinah_Formation,Bunjinah_Formation,0.0,000
525915.868228375,7495426.008770385,Fault_3496,Bunjinah_Formation,Bunjinah_Formation,0.0,000
525825.92786545,7495904.01423073,Fault_3496,Bunjinah_Formation,Bunjinah_Formation,0.0,000
525824.9873874,7496378.263755935,Fault_3496,Bunjinah_Formation,Bunjinah_Formation,0.0,000
525825.80636437,7497208.764447626,Fault_3496,Bunjinah_Formation,Bunjinah_Formation,0.0,000
525807.2933167,7497988.51507309,Fault_3496,Bunjinah_Formation,Bunjinah_Formation,0.0,000
525423.45406124,7498859.26863813,Fault_3496,Bunjinah_Formation,Bunjinah_Formation,0.0,000
524842.7164834449,7499772.519298125,Fault_3496,Jeerinah_Formation,Jeerinah_Formation,0.0,000
524554.538760835,7500140.261484455,Fault_3496,Jeerinah_Formation,Jeerinah_Formation,0.0,000
524380.694771105,7500314.5136757195,Fault_3496,Marra_Mamba_Iron_Formation,Mount_McRae_Shale_and_Mount_Sylvia_Formation,250.0,002
524067.99186284,7500628.009613915,Fault_3496,Mount_McRae_Shale_and_Mount_Sylvia_Formation,Mount_McRae_Shale_and_Mount_Sylvia_Formation,0.0,000
523851.10250798997,7500835.25024916,Fault_3496,Mount_McRae_Shale_and_Mount_Sylvia_Formation,Mount_McRae_Shale_and_Mount_Sylvia_Formation,0.0,000
523695.84965556,7500947.5011018645,Fault_3496,Mount_McRae_Shale_and_Mount_Sylvia_Formation,Brockman_Iron_Formation,0.0,001
523333.741033255,7501220.99546125,Fault_3496,Mount_McRae_Shale_and_Mount_Sylvia_Formation,Brockman_Iron_Formation,0.0,001
522806.28687471,7501627.99463402,Fault_3496,Brockman_Iron_Formation,Brockman_Iron_Formation,0.0,000
522472.11669497,7501885.995526025,Fault_3496,Brockman_Iron_Formation,Weeli_Wolli_Formation,0.0,001
522305.75863340497,7502014.24495741,Fault_3496,Weeli_Wolli_Formation,Weeli_Wolli_Formation,0.0,000
537176.1214442925,7495083.431696754,Fault_3498,Bunjinah_Formation,Bunjinah_Formation,0.0,000
536713.0681862,7495739.167045335,Fault_3498,Bunjinah_Formation,Bunjinah_Formation,0.0,000
535524.77098444,7497372.6077899,Fault_3498,Bunjinah_Formation,Bunjinah_Formation,0.0,000
534409.64716328,7498901.849952284,Fault_3498,Bunjinah_Formation,Bunjinah_Formation,0.0,000
534275.139213685,7499091.099996684,Fault_3498,Jeerinah_Formation,Bunjinah_Formation,250.0,002
533747.6361611099,7499833.35078282,Fault_3498,Jeerinah_Formation,Jeerinah_Formation,0.0,000
533162.060169305,7500669.35043704,Fault_3498,Jeerinah_Formation,Marra_Mamba_Iron_Formation,0.0,001
533009.61534876,7500919.599666415,Fault_3498,Marra_Mamba_Iron_Formation,Marra_Mamba_Iron_Formation,0.0,000
532947.526002905,7501057.1000913,Fault_3498,Marra_Mamba_Iron_Formation,Wittenoom_Formation,0.0,001
532891.87743655,7501180.3553781845,Fault_3498,Wittenoom_Formation,Wittenoom_Formation,0.0,000
532745.6321377,7501359.104970476,Fault_3498,Wittenoom_Formation,Wittenoom_Formation,0.0,000
532581.134546955,7501559.605710035,Fault_3498,Mount_McRae_Shale_and_Mount_Sylvia_Formation,Wittenoom_Formation,0.0,001
532470.75906573,7501754.355888525,Fault_3498,Mount_McRae_Shale_and_Mount_Sylvia_Formation,Mount_McRae_Shale_and_Mount_Sylvia_Formation,0.0,000
532265.984129425,7502021.09968159,Fault_3498,Mount_McRae_Shale_and_Mount_Sylvia_Formation,Brockman_Iron_Formation,0.0,001
531971.76357975,7502334.6053088,Fault_3498,Brockman_Iron_Formation,Brockman_Iron_Formation,0.0,000
531509.323819305,7502813.858452935,Fault_3498,Brockman_Iron_Formation,Brockman_Iron_Formation,0.0,000
531148.89531954,7503183.107498094,Fault_3498,Brockman_Iron_Formation,Brockman_Iron_Formation,0.0,000
530972.5901121851,7503366.605839205,Fault_3498,Brockman_Iron_Formation,Weeli_Wolli_Formation,0.0,001
530654.55576519,7503697.855352839,Fault_3498,Weeli_Wolli_Formation,Weeli_Wolli_Formation,0.0,000
530393.53998756,7503969.6046396,Fault_3498,Weeli_Wolli_Formation,Woongarra_Rhyolite,0.0,001
530253.452133495,7504115.351666345,Fault_3498,Woongarra_Rhyolite,Woongarra_Rhyolite,0.0,000
500828.07767024613,7495076.432547004,Fault_6205,Brockman_Iron_Formation,Weeli_Wolli_Formation,0.0,001
499937.07927739504,7495676.97024072,Fault_6205,Brockman_Iron_Formation,Weeli_Wolli_Formation,0.0,001
499305.459500855,7496039.7207905445,Fault_6205,Weeli_Wolli_Formation,Weeli_Wolli_Formation,0.0,000
498926.7857008,7496258.48314979,Fault_6205,Weeli_Wolli_Formation,Woongarra_Rhyolite,0.0,001
498720.386120415,7496394.47650384,Fault_6205,Weeli_Wolli_Formation,Woongarra_Rhyolite,0.0,001
498432.245379185,7496585.217119765,Fault_6205,Woongarra_Rhyolite,Woongarra_Rhyolite,0.0,000
497907.91049824003,7496828.968275775,Fault_6205,Woongarra_Rhyolite,Woongarra_Rhyolite,0.0,000
497396.076724675,7497045.015597385,Fault_6205,Woongarra_Rhyolite,Boolgeeda_Iron_Formation,0.0,001
496866.781329695,7497276.754837286,Fault_6205,Woongarra_Rhyolite,Boolgeeda_Iron_Formation,0.0,001
496033.65475970996,7497753.18482892,Fault_6205,Woongarra_Rhyolite,Boolgeeda_Iron_Formation,0.0,001
495450.30252945,7498230.432321856,Fault_6205,Boolgeeda_Iron_Formation,Boolgeeda_Iron_Formation,0.0,000
495157.120066705,7498539.940819335,Fault_6205,Boolgeeda_Iron_Formation,Boolgeeda_Iron_Formation,0.0,000
494983.77301759,7498783.193600455,Fault_6205,Boolgeeda_Iron_Formation,Boolgeeda_Iron_Formation,0.0,000
494747.400045195,7499152.68958844,Fault_6205,Woongarra_Rhyolite,Boolgeeda_Iron_Formation,0.0,001
494227.218651945,7499724.689913135,Fault_6205,Woongarra_Rhyolite,Boolgeeda_Iron_Formation,0.0,001
493697.44827958755,7500201.923354676,Fault_6205,Woongarra_Rhyolite,Boolgeeda_Iron_Formation,0.0,001
494237.95043761004,7500915.445245175,Fault_12645,Boolgeeda_Iron_Formation,Boolgeeda_Iron_Formation,0.0,000
494861.01038937,7500507.9523905795,Fault_12645,Boolgeeda_Iron_Formation,Boolgeeda_Iron_Formation,0.0,000
495197.477769185,7500268.45633385,Fault_12645,Boolgeeda_Iron_Formation,Boolgeeda_Iron_Formation,0.0,000
495616.843999485,7499872.954092135,Fault_12645,Woongarra_Rhyolite,Boolgeeda_Iron_Formation,0.0,001
496103.39281452,7499424.4545981,Fault_12645,Woongarra_Rhyolite,Boolgeeda_Iron_Formation,0.0,001
496319.045343225,7499244.714126435,Fault_12645,Boolgeeda_Iron_Formation,Boolgeeda_Iron_Formation,0.0,000
496973.50991683,7498724.71828397,Fault_12645,Boolgeeda_Iron_Formation,Boolgeeda_Iron_Formation,0.0,000
497645.1464329,7498198.69549434,Fault_12645,Woongarra_Rhyolite,Boolgeeda_Iron_Formation,0.0,001
498019.17105521,7497908.86288054,Fault_12645,Woongarra_Rhyolite,Boolgeeda_Iron_Formation,0.0,001
498437.877391215,7497584.386552636,Fault_12645,Woongarra_Rhyolite,Boolgeeda_Iron_Formation,0.0,001
498688.61450185,7497405.714683705,Fault_12645,Woongarra_Rhyolite,Boolgeeda_Iron_Formation,0.0,001
498868.335891785,7497309.716740426,Fault_12645,Woongarra_Rhyolite,Woongarra_Rhyolite,0.0,000
499270.265263675,7497128.97932599,Fault_12645,Woongarra_Rhyolite,Woongarra_Rhyolite,0.0,000
520972.07882033,7501214.72941201,Fault_12647,Brockman_Iron_Formation,Brockman_Iron_Formation,0.0,000
521833.709781185,7500532.2352109,Fault_12647,Mount_McRae_Shale_and_Mount_Sylvia_Formation,Wittenoom_Formation,0.0,001
522164.515019855,7500210.23633585,Fault_12647,Mount_McRae_Shale_and_Mount_Sylvia_Formation,Wittenoom_Formation,0.0,001
522776.914055845,7499349.98644428,Fault_12647,Jeerinah_Formation,Jeerinah_Formation,0.0,000
523361.089962275,7498529.2352448795,Fault_12647,Bunjinah_Formation,Jeerinah_Formation,250.0,002
523775.1313782,7498036.74744027,Fault_12647,Bunjinah_Formation,Bunjinah_Formation,0.0,000
524306.7046464151,7497123.76091646,Fault_12647,Bunjinah_Formation,Bunjinah_Formation,0.0,000
524609.35655126,7495956.497081665,Fault_12647,Bunjinah_Formation,Bunjinah_Formation,0.0,000
524871.0796680055,7494968.815696424,Fault_12647,Bunjinah_Formation,Bunjinah_Formation,0.0,000
546848.551134445,7512427.204089396,Fault_12658,Marra_Mamba_Iron_Formation,Marra_Mamba_Iron_Formation,0.0,000
547270.3835572801,7511969.38827136,Fault_12658,Jeerinah_Formation,Jeerinah_Formation,0.0,000
547498.63117601,7511739.39084013,Fault_12658,Jeerinah_Formation,Jeerinah_Formation,0.0,000
547666.0253529199,7511541.385216456,Fault_12658,Fortescue_Group,Fortescue_Group,0.0,000
547902.919114185,7511209.140848645,Fault_12658,Jeerinah_Formation,Fortescue_Group,0.0,001
548114.59988954,7510927.88561893,Fault_12658,Jeerinah_Formation,Jeerinah_Formation,0.0,000
548256.641065415,7510710.629233405,Fault_12658,Bunjinah_Formation,Jeerinah_Formation,250.0,002
548463.000795475,7510252.69227707,Fault_12658,Bunjinah_Formation,Bunjinah_Formation,0.0,000
548672.44903345,7509833.532479025,Fault_12658,Bunjinah_Formation,Bunjinah_Formation,0.0,000
548796.21450859,7509413.937988855,Fault_12658,Bunjinah_Formation,Bunjinah_Formation,0.0,000
548939.94642482,7508626.474807721,Fault_12658,Bunjinah_Formation,Bunjinah_Formation,0.0,000
548963.517379435,7507681.994680765,Fault_12658,Bunjinah_Formation,Bunjinah_Formation,0.0,000
548864.1097027101,7505679.014812695,Fault_12658,Bunjinah_Formation,Bunjinah_Formation,0.0,000
548738.0445752,7503647.49516265,Fault_12658,Bunjinah_Formation,Bunjinah_Formation,0.0,000
548681.793743025,7502674.64169246,Fault_12658,Bunjinah_Formation,Bunjinah_Formation,0.0,000
548719.33336192,7501944.7474062,Fault_12658,Bunjinah_Formation,Bunjinah_Formation,0.0,000
548948.571034475,7501460.420124695,Fault_12658,Bunjinah_Formation,Bunjinah_Formation,0.0,000
549173.762361635,7501245.05666841,Fault_12658,Bunjinah_Formation,Bunjinah_Formation,0.0,000
549765.54387998,7500868.173554895,Fault_12658,Bunjinah_Formation,Bunjinah_Formation,0.0,000
550786.42714349,7500206.5936884545,Fault_12658,Bunjinah_Formation,Bunjinah_Formation,0.0,000
551325.80227729,7499828.44261726,Fault_12658,Bunjinah_Formation,Bunjinah_Formation,0.0,000
551683.589006345,7499555.361181085,Fault_12658,Bunjinah_Formation,Bunjinah_Formation,0.0,000
552297.31450761,7499114.004400875,Fault_12658,Bunjinah_Formation,Bunjinah_Formation,0.0,000
552704.73652835,7498835.41625414,Fault_12658,Bunjinah_Formation,Bunjinah_Formation,0.0,000
509892.141454115,7513859.354877375,Fault_12660,Bunjinah_Formation,Bunjinah_Formation,0.0,000
510530.51561928,7513041.860162925,Fault_12660,Bunjinah_Formation,Bunjinah_Formation,0.0,000
511178.80620182,7512296.86323121,Fault_12660,Bunjinah_Formation,Bunjinah_Formation,0.0,000
511549.79612279497,7511874.68444586,Fault_12660,Jeerinah_Formation,Bunjinah_Formation,250.0,002
511714.02151791,7511641.437960535,Fault_12660,Jeerinah_Formation,Bunjinah_Formation,250.0,002
512057.999640545,7511295.379957965,Fault_12660,Fortescue_Group,Jeerinah_Formation,0.0,001
512388.832320365,7511060.826903065,Fault_12660,Jeerinah_Formation,Fortescue_Group,0.0,001
512639.316880985,7510906.58110033,Fault_12660,Jeerinah_Formation,Fortescue_Group,0.0,001
512996.38069636,7510698.139502184,Fault_12660,Jeerinah_Formation,Jeerinah_Formation,0.0,000
513356.32986938,7510523.185521175,Fault_12660,Fortescue_Group,Jeerinah_Formation,0.0,001
513975.288731865,7510300.197160905,Fault_12660,Fortescue_Group,Jeerinah_Formation,0.0,001
514563.724400085,7510101.125816755,Fault_12660,Jeerinah_Formation,Marra_Mamba_Iron_Formation,0.0,001
514821.014493445,7510039.3806731645,Fault_12660,Jeerinah_Formation,Marra_Mamba_Iron_Formation,0.0,001
515182.88827153,7509916.13372198,Fault_12660,Marra_Mamba_Iron_Formation,Marra_Mamba_Iron_Formation,0.0,000
515578.92431771,7509781.887715125,Fault_12660,Marra_Mamba_Iron_Formation,Wittenoom_Formation,0.0,001
515906.581306935,7509691.1816428155,Fault_12660,Wittenoom_Formation,Wittenoom_Formation,0.0,000
516787.159930015,7509582.697071856,Fault_12660,Wittenoom_Formation,Wittenoom_Formation,0.0,000
517635.46934888,7509507.214606215,Fault_12660,Wittenoom_Formation,Mount_McRae_Shale_and_Mount_Sylvia_Formation,0.0,001
517907.304777645,7509474.46891579,Fault_12660,Wittenoom_Formation,Mount_McRae_Shale_and_Mount_Sylvia_Formation,0.0,001
518490.263476755,7509391.469260635,Fault_12660,Wittenoom_Formation,Brockman_Iron_Formation,86.0,002
519110.108974485,7509301.9796213545,Fault_12660,Mount_McRae_Shale_and_Mount_Sylvia_Formation,Brockman_Iron_Formation,0.0,001
519925.58753069,7509184.251384895,Fault_12660,Brockman_Iron_Formation,Brockman_Iron_Formation,0.0,000
520817.1430375,7509084.011657565,Fault_12660,Brockman_Iron_Formation,Brockman_Iron_Formation,0.0,000
504860.739525515,7512298.802045945,Fault_14378,Jeerinah_Formation,Jeerinah_Formation,0.0,000
505916.095609125,7511927.203094515,Fault_14378,Jeerinah_Formation,Jeerinah_Formation,0.0,000
506319.26057558495,7511788.208714414,Fault_14378,Jeerinah_Formation,Jeerinah_Formation,0.0,000
506936.76314302,7511561.820144884,Fault_14378,Jeerinah_Formation,Jeerinah_Formation,0.0,000
507818.955857815,7511191.08433345,Fault_14378,Jeerinah_Formation,Jeerinah_Formation,0.0,000
508494.06450881,7510735.595312661,Fault_14378,Jeerinah_Formation,Jeerinah_Formation,0.0,000
508910.390751385,7510296.828197585,Fault_14378,Jeerinah_Formation,Marra_Mamba_Iron_Formation,0.0,001
509117.68146927503,7510006.073552265,Fault_14378,Jeerinah_Formation,Marra_Mamba_Iron_Formation,0.0,001
509221.564739805,7509856.840476604,Fault_14378,Marra_Mamba_Iron_Formation,Marra_Mamba_Iron_Formation,0.0,000
509375.90970007004,7509604.84626043,Fault_14378,Marra_Mamba_Iron_Formation,Wittenoom_Formation,0.0,001
509554.21590941504,7509313.857513174,Fault_14378,Wittenoom_Formation,Wittenoom_Formation,0.0,000
509692.744870035,7509130.360250215,Fault_14378,Wittenoom_Formation,Wittenoom_Formation,0.0,000
509927.278271325,7508848.103424851,Fault_14378,Wittenoom_Formation,Mount_McRae_Shale_and_Mount_Sylvia_Formation,0.0,001
510077.818658565,7508667.103224261,Fault_14378,Wittenoom_Formation,Brockman_Iron_Formation,86.0,002
510258.103819385,7508528.11371933,Fault_14378,Wittenoom_Formation,Brockman_Iron_Formation,86.0,002
510670.01384375,7508226.625384251,Fault_14378,Mount_McRae_Shale_and_Mount_Sylvia_Formation,Brockman_Iron_Formation,0.0,001
511367.426938685,7507836.629038446,Fault_14378,Brockman_Iron_Formation,Brockman_Iron_Formation,0.0,000
512065.727741545,7507575.13874484,Fault_14378,Brockman_Iron_Formation,Brockman_Iron_Formation,0.0,000
512542.14497826004,7507461.154573885,Fault_14378,Brockman_Iron_Formation,Weeli_Wolli_Formation,0.0,001
513116.864673895,7507292.65981571,Fault_14378,Brockman_Iron_Formation,Weeli_Wolli_Formation,0.0,001
513805.46962143003,7506999.415589555,Fault_14378,Weeli_Wolli_Formation,Woongarra_Rhyolite,0.0,001
514262.169788075,7506748.67044931,Fault_14378,Woongarra_Rhyolite,Woongarra_Rhyolite,0.0,000
514543.620581645,7506520.9247708,Fault_14378,Woongarra_Rhyolite,Boolgeeda_Iron_Formation,0.0,001
514783.149880845,7506253.685230475,Fault_14378,Woongarra_Rhyolite,Boolgeeda_Iron_Formation,0.0,001
514902.18941146496,7506081.935303779,Fault_14378,Woongarra_Rhyolite,Turee_Creek_Group,237.0,002
515063.779266065,7505847.179344355,Fault_14378,Boolgeeda_Iron_Formation,Turee_Creek_Group,0.0,001
515211.21887999005,7505601.93000025,Fault_14378,Boolgeeda_Iron_Formation,Turee_Creek_Group,0.0,001
515469.272983115,7504976.930499295,Fault_14378,Turee_Creek_Group,Turee_Creek_Group,0.0,000
515716.785474665,7504391.935296645,Fault_14378,Turee_Creek_Group,Turee_Creek_Group,0.0,000
516066.798789935,7503782.190207856,Fault_14378,Turee_Creek_Group,Turee_Creek_Group,0.0,000
516477.12082987,7503101.6911627855,Fault_14378,Turee_Creek_Group,Turee_Creek_Group,0.0,000
516711.29336920497,7502791.1922792755,Fault_14378,Boolgeeda_Iron_Formation,Turee_Creek_Group,0.0,001
516914.21942725,7502524.291497925,Fault_14378,Woongarra_Rhyolite,Turee_Creek_Group,237.0,002
516975.39515187,7502445.79019513,Fault_14378,Woongarra_Rhyolite,Turee_Creek_Group,237.0,002
517183.21985466,7502214.695089551,Fault_14378,Woongarra_Rhyolite,Boolgeeda_Iron_Formation,0.0,001
517410.24131636997,7501945.69479976,Fault_14378,Woongarra_Rhyolite,Woongarra_Rhyolite,0.0,000
517533.215276495,7501731.688644705,Fault_14378,Weeli_Wolli_Formation,Woongarra_Rhyolite,0.0,001
517750.208918385,7501402.189643415,Fault_14378,Weeli_Wolli_Formation,Weeli_Wolli_Formation,0.0,000
517925.971068555,7501176.691061866,Fault_14378,Brockman_Iron_Formation,Weeli_Wolli_Formation,0.0,001
518251.72342526,7500808.9414484,Fault_14378,Brockman_Iron_Formation,Brockman_Iron_Formation,0.0,000
518670.037832475,7500254.69564121,Fault_14378,Brockman_Iron_Formation,Brockman_Iron_Formation,0.0,000
518827.22006215,7499969.94464075,Fault_14378,Brockman_Iron_Formation,Brockman_Iron_Formation,0.0,000
518875.78955016,7499813.20026185,Fault_14378,Mount_McRae_Shale_and_Mount_Sylvia_Formation,Brockman_Iron_Formation,0.0,001
518936.00486214005,7499618.955887115,Fault_14378,Mount_McRae_Shale_and_Mount_Sylvia_Formation,Mount_McRae_Shale_and_Mount_Sylvia_Formation,0.0,000
518983.084471315,7499466.951273045,Fault_14378,Wittenoom_Formation,Mount_McRae_Shale_and_Mount_Sylvia_Formation,0.0,001
519054.76059129497,7499235.694950489,Fault_14378,Wittenoom_Formation,Wittenoom_Formation,0.0,000
519122.73250509,7499016.444539145,Fault_14378,Marra_Mamba_Iron_Formation,Wittenoom_Formation,0.0,001
519170.641140095,7498882.699791845,Fault_14378,Marra_Mamba_Iron_Formation,Wittenoom_Formation,0.0,001
519225.554936655,7498746.200688065,Fault_14378,Marra_Mamba_Iron_Formation,Marra_Mamba_Iron_Formation,0.0,000
519293.931412435,7498576.195954865,Fault_14378,Jeerinah_Formation,Marra_Mamba_Iron_Formation,0.0,001
519558.87512708,7497942.94393346,Fault_14378,Jeerinah_Formation,Jeerinah_Formation,0.0,000
519892.23847493,7497174.19512946,Fault_14378,Bunjinah_Formation,Jeerinah_Formation,250.0,002
520105.748433735,7496603.445934755,Fault_14378,Bunjinah_Formation,Jeerinah_Formation,250.0,002
520420.071906525,7495837.94772675,Fault_14378,Bunjinah_Formation,Bunjinah_Formation,0.0,000
515409.930095275,7509833.382116061,Fault_15552,Wittenoom_Formation,Marra_Mamba_Iron_Formation,0.0,001
515353.72853694,7509816.387761375,Fault_15552,Wittenoom_Formation,Marra_Mamba_Iron_Formation,0.0,001
514977.82853562,7509771.669726445,Fault_15552,Wittenoom_Formation,Marra_Mamba_Iron_Formation,0.0,001
514308.42936001497,7509663.910563125,Fault_15552,Wittenoom_Formation,Marra_Mamba_Iron_Formation,0.0,001
513587.029963695,7509527.155432845,Fault_15552,Wittenoom_Formation,Marra_Mamba_Iron_Formation,0.0,001
513100.51956535,7509554.149790226,Fault_15552,Wittenoom_Formation,Marra_Mamba_Iron_Formation,0.0,001
512885.20872182003,7509742.899644496,Fault_15552,Marra_Mamba_Iron_Formation,Marra_Mamba_Iron_Formation,0.0,000
512687.36774169,7509913.89563424,Fault_15552,Marra_Mamba_Iron_Formation,Jeerinah_Formation,0.0,001
512180.44340733,7510298.63698231,Fault_15552,Jeerinah_Formation,Jeerinah_Formation,0.0,000
511587.44455407,7510728.880757225,Fault_15552,Jeerinah_Formation,Fortescue_Group,0.0,001
511289.54635417496,7510934.125703786,Fault_15552,Jeerinah_Formation,Jeerinah_Formation,0.0,000
511017.736949465,7511183.371315051,Fault_15552,Fortescue_Group,Jeerinah_Formation,0.0,001
510681.051020695,7511584.0781383,Fault_15552,Jeerinah_Formation,Bunjinah_Formation,250.0,002
510485.044008275,7511826.8237996,Fault_15552,Jeerinah_Formation,Bunjinah_Formation,250.0,002
510198.97949494503,7512193.361285079,Fault_15552,Bunjinah_Formation,Bunjinah_Formation,0.0,000
509526.22350791004,7513139.10601928,Fault_15552,Bunjinah_Formation,Bunjinah_Formation,0.0,000
508667.16124360496,7514359.3399254,Fault_15552,Bunjinah_Formation,Bunjinah_Formation,0.0,000
522085.009568905,7512240.264653015,Fault_16769,Jeerinah_Formation,Jeerinah_Formation,0.0,000
521361.26500248,7512498.753991225,Fault_16769,Fortescue_Group,Jeerinah_Formation,0.0,001
520675.33438215,7512683.74599312,Fault_16769,Jeerinah_Formation,Jeerinah_Formation,0.0,000
519992.52524632495,7512862.480917284,Fault_16769,Jeerinah_Formation,Fortescue_Group,0.0,001
519246.135642285,7513038.464873144,Fault_16769,Fortescue_Group,Jeerinah_Formation,0.0,001
518849.08546585497,7513123.45952764,Fault_16769,Fortescue_Group,Jeerinah_Formation,0.0,001
518766.96091325,7513148.209522985,Fault_16769,Fortescue_Group,Bunjinah_Formation,0.0,001
518125.189531335,7513262.95056688,Fault_16769,Jeerinah_Formation,Bunjinah_Formation,250.0,002
516946.00209602003,7513454.93152797,Fault_16769,Bunjinah_Formation,Bunjinah_Formation,0.0,000
